{"is_source_file": false, "format": "", "description": "", "external_files": [], "external_methods": [], "published": [], "classes": [], "methods": [], "calls": [], "search-terms": [], "state": 2, "file_id": 20, "knowledge_revision": 39, "git_revision": "6274873a45ed0f1b9bcf66afb82cb1df685b0bbb", "hash": "1881546f2bcc7d0fbf5efffbec486bd6", "format-version": 4, "code-base-name": "tic_tac_toe_frontend", "filename": "README.md", "revision_history": [{"39": "6274873a45ed0f1b9bcf66afb82cb1df685b0bbb"}]}