{"is_source_file": false, "format": "", "description": "", "external_files": [], "external_methods": [], "published": [], "classes": [], "methods": [], "calls": [], "search-terms": [], "state": 2, "file_id": 16, "knowledge_revision": 33, "git_revision": "0b406be19fc796612de709d1b30d0c7251732066", "hash": "3bbab7796b2ab5af73dcc4b5f9064535", "format-version": 4, "code-base-name": "tic_tac_toe_frontend", "filename": "tic_tac_toe_frontend/tsconfig.spec.json", "revision_history": [{"33": "0b406be19fc796612de709d1b30d0c7251732066"}]}