{"is_source_file": false, "format": "", "description": "", "external_files": [], "external_methods": [], "published": [], "classes": [], "methods": [], "calls": [], "search-terms": [], "state": 2, "file_id": 14, "knowledge_revision": 34, "git_revision": "0b406be19fc796612de709d1b30d0c7251732066", "hash": "01baab25e7c57e65c9edc86e42c126e8", "format-version": 4, "code-base-name": "tic_tac_toe_frontend", "filename": "tic_tac_toe_frontend/package.json", "revision_history": [{"34": "0b406be19fc796612de709d1b30d0c7251732066"}]}