{"is_source_file": true, "format": "TypeScript", "description": "This file defines server-specific configuration for an Angular application, merging it with the general application configuration using Angular's dependency injection and configuration merging functions.", "external_files": ["@angular/core", "@angular/platform-server", "./app.config"], "external_methods": ["mergeApplicationConfig", "provideServerRendering"], "published": ["config"], "classes": [], "methods": [{"name": "mergeApplicationConfig", "description": "Function to combine multiple application configurations into one."}, {"name": "provideServerRendering", "description": "Function that provides server rendering support for Angular."}], "calls": ["provideServerRendering"], "search-terms": ["app.config.server.ts", "Angular server rendering configuration", "mergeApplicationConfig", "provideServerRendering"], "state": 2, "file_id": 3, "knowledge_revision": 31, "git_revision": "0b406be19fc796612de709d1b30d0c7251732066", "ctags": [{"_type": "tag", "name": "config", "path": "/home/kavia/workspace/code-generation/web-tic-tac-toe-200268-200294/tic_tac_toe_frontend/src/app/app.config.server.ts", "pattern": "/^export const config = mergeApplicationConfig(appConfig, serverConfig);$/", "language": "TypeScript", "kind": "constant"}, {"_type": "tag", "name": "serverConfig", "path": "/home/kavia/workspace/code-generation/web-tic-tac-toe-200268-200294/tic_tac_toe_frontend/src/app/app.config.server.ts", "pattern": "/^const serverConfig: ApplicationConfig = {$/", "language": "TypeScript", "kind": "constant"}], "hash": "9fcafd12104018b7fb74bad3e42a1977", "format-version": 4, "code-base-name": "tic_tac_toe_frontend", "filename": "tic_tac_toe_frontend/src/app/app.config.server.ts", "revision_history": [{"31": "0b406be19fc796612de709d1b30d0c7251732066"}]}