{"is_source_file": false, "format": "", "description": "", "external_files": [], "external_methods": [], "published": [], "classes": [], "methods": [], "calls": [], "search-terms": [], "state": 2, "file_id": 15, "knowledge_revision": 37, "git_revision": "0b406be19fc796612de709d1b30d0c7251732066", "hash": "448c65f2618eac91cb0718540996359a", "format-version": 4, "code-base-name": "tic_tac_toe_frontend", "filename": "tic_tac_toe_frontend/README.md", "revision_history": [{"37": "0b406be19fc796612de709d1b30d0c7251732066"}]}