{"is_source_file": false, "format": "", "description": "", "external_files": [], "external_methods": [], "published": [], "classes": [], "methods": [], "calls": [], "search-terms": [], "state": 2, "file_id": 12, "knowledge_revision": 32, "git_revision": "0b406be19fc796612de709d1b30d0c7251732066", "hash": "ed87f0986ed05a71a6cf69cb9768e2a9", "format-version": 4, "code-base-name": "tic_tac_toe_frontend", "filename": "tic_tac_toe_frontend/src/styles.css", "revision_history": [{"32": "0b406be19fc796612de709d1b30d0c7251732066"}]}