{"is_source_file": false, "format": "", "description": "", "external_files": [], "external_methods": [], "published": [], "classes": [], "methods": [], "calls": [], "search-terms": [], "state": 2, "file_id": 2, "knowledge_revision": 22, "git_revision": "0b406be19fc796612de709d1b30d0c7251732066", "hash": "b9a65cdb5bc86c04cfa95119ad2adec6", "format-version": 4, "code-base-name": "tic_tac_toe_frontend", "filename": "tic_tac_toe_frontend/src/app/app.component.css", "revision_history": [{"22": "0b406be19fc796612de709d1b30d0c7251732066"}]}