{"is_source_file": false, "format": "", "description": "", "external_files": [], "external_methods": [], "published": [], "classes": [], "methods": [], "calls": [], "search-terms": [], "state": 2, "file_id": 17, "knowledge_revision": 35, "git_revision": "0b406be19fc796612de709d1b30d0c7251732066", "hash": "7d3465ee11a90f93aaf340848e66ce1e", "format-version": 4, "code-base-name": "tic_tac_toe_frontend", "filename": "tic_tac_toe_frontend/angular.json", "revision_history": [{"35": "0b406be19fc796612de709d1b30d0c7251732066"}]}