{"is_source_file": true, "format": "TypeScript", "description": "This file defines the routing configuration for an Angular application, specifically the 'app.routes.ts' file that exports an empty array of routes.", "external_files": ["@angular/router"], "external_methods": [], "published": ["routes"], "classes": [], "methods": [], "calls": [], "search-terms": ["app.routes.ts", "Angular routing", "Routes", "angular/router", "routing configuration"], "state": 2, "file_id": 7, "knowledge_revision": 25, "git_revision": "0b406be19fc796612de709d1b30d0c7251732066", "ctags": [{"_type": "tag", "name": "routes", "path": "/home/kavia/workspace/code-generation/web-tic-tac-toe-200268-200294/tic_tac_toe_frontend/src/app/app.routes.ts", "pattern": "/^export const routes: Routes = [];$/", "language": "TypeScript", "kind": "constant"}], "hash": "9e82134f3e41732656270447c4c872fe", "format-version": 4, "code-base-name": "tic_tac_toe_frontend", "filename": "tic_tac_toe_frontend/src/app/app.routes.ts", "revision_history": [{"25": "0b406be19fc796612de709d1b30d0c7251732066"}]}