{"is_source_file": true, "format": "TypeScript", "description": "This is a test specification file for the AppComponent of an Angular application. It includes test cases for verifying component creation, title property correctness, and rendering output.", "external_files": ["./app.component"], "external_methods": ["TestBed.configureTestingModule", "TestBed.createComponent"], "published": [], "classes": [{"name": "AppComponent", "description": "The main application component being tested."}], "methods": [{"name": "beforeEach", "description": "Sets up the testing environment asynchronously before each test, configuring the testing module with AppComponent."}, {"name": "it should create the app", "description": "Test to verify that an instance of AppComponent can be created successfully."}, {"name": "it should have the 'angular' title", "description": "Test to check that the AppComponent has its title property set to 'angular'."}, {"name": "it should render title", "description": "Test to ensure that the component renders the expected title text within an h1 element."}], "calls": ["TestBed.configureTestingModule", "TestBed.createComponent", "fixture.detectChanges", "compiled.querySelector"], "search-terms": ["app.component.spec.ts", "Angular testing", "TestBed", "Component test", "unit test", "spec"], "state": 2, "file_id": 1, "knowledge_revision": 27, "git_revision": "0b406be19fc796612de709d1b30d0c7251732066", "ctags": [{"_type": "tag", "name": "app", "path": "/home/kavia/workspace/code-generation/web-tic-tac-toe-200268-200294/tic_tac_toe_frontend/src/app/app.component.spec.ts", "pattern": "/^    const app = fixture.componentInstance;$/", "language": "TypeScript", "kind": "constant"}, {"_type": "tag", "name": "compiled", "path": "/home/kavia/workspace/code-generation/web-tic-tac-toe-200268-200294/tic_tac_toe_frontend/src/app/app.component.spec.ts", "pattern": "/^    const compiled = fixture.nativeElement as HTMLElement;$/", "language": "TypeScript", "kind": "constant"}, {"_type": "tag", "name": "fixture", "path": "/home/kavia/workspace/code-generation/web-tic-tac-toe-200268-200294/tic_tac_toe_frontend/src/app/app.component.spec.ts", "pattern": "/^    const fixture = TestBed.createComponent(AppComponent);$/", "language": "TypeScript", "kind": "constant"}], "hash": "5bff32fedc85513ebb007e779659ab1b", "format-version": 4, "code-base-name": "tic_tac_toe_frontend", "filename": "tic_tac_toe_frontend/src/app/app.component.spec.ts", "revision_history": [{"27": "0b406be19fc796612de709d1b30d0c7251732066"}]}