{"is_source_file": false, "format": "", "description": "", "external_files": [], "external_methods": [], "published": [], "classes": [], "methods": [], "calls": [], "search-terms": [], "state": 2, "file_id": 19, "knowledge_revision": 38, "git_revision": "0b406be19fc796612de709d1b30d0c7251732066", "hash": "a88a471f435da6e3fe5e31affcd559af", "format-version": 4, "code-base-name": "tic_tac_toe_frontend", "filename": "tic_tac_toe_frontend/tsconfig.app.json", "revision_history": [{"38": "0b406be19fc796612de709d1b30d0c7251732066"}]}