{"is_source_file": true, "format": "TypeScript", "description": "This file is a TypeScript source file for an Angular application, responsible for bootstrapping the main application component with server-side configuration.", "external_files": ["@angular/platform-browser", "./app/app.component", "./app/app.config.server"], "external_methods": ["bootstrapApplication"], "published": ["default"], "classes": [], "methods": [{"name": "bootstrap", "description": "Function that initializes the Angular application by bootstrapping the AppComponent with server configuration."}], "calls": ["bootstrapApplication"], "search-terms": ["main.server.ts", "bootstrapApplication", "Angular", "bootstrap", "AppComponent", "app.config.server"], "state": 2, "file_id": 10, "knowledge_revision": 29, "git_revision": "0b406be19fc796612de709d1b30d0c7251732066", "ctags": [{"_type": "tag", "name": "bootstrap", "path": "/home/kavia/workspace/code-generation/web-tic-tac-toe-200268-200294/tic_tac_toe_frontend/src/main.server.ts", "pattern": "/^const bootstrap = () => bootstrapApplication(AppComponent, config);$/", "language": "TypeScript", "kind": "constant"}], "hash": "2f67d3e7163632b8f077f15a810789b6", "format-version": 4, "code-base-name": "tic_tac_toe_frontend", "filename": "tic_tac_toe_frontend/src/main.server.ts", "revision_history": [{"29": "0b406be19fc796612de709d1b30d0c7251732066"}]}