{"is_source_file": false, "format": "", "description": "", "external_files": [], "external_methods": [], "published": [], "classes": [], "methods": [], "calls": [], "search-terms": [], "state": 2, "file_id": 5, "knowledge_revision": 24, "git_revision": "0b406be19fc796612de709d1b30d0c7251732066", "hash": "c943f83c5c83b9b7adf2bae69cf658ea", "format-version": 4, "code-base-name": "tic_tac_toe_frontend", "filename": "tic_tac_toe_frontend/src/app/app.component.html", "revision_history": [{"24": "0b406be19fc796612de709d1b30d0c7251732066"}]}