{"is_source_file": true, "format": "TypeScript", "description": "This file configures the Angular application by setting up providers such as zone change detection, routing, and client hydration.", "external_files": ["@angular/core", "./app.routes", "@angular/platform-browser"], "external_methods": ["provideZoneChangeDetection", "provideRouter", "provideClientHydration", "withEventReplay"], "published": ["appConfig"], "classes": [], "methods": [], "calls": ["provideZoneChangeDetection", "provideRouter", "provideClientHydration", "withEventReplay"], "search-terms": ["Angular application configuration", "zone change detection", "client hydration", "appConfig", "provideRouter", "import"], "state": 2, "file_id": 6, "knowledge_revision": 28, "git_revision": "0b406be19fc796612de709d1b30d0c7251732066", "ctags": [{"_type": "tag", "name": "appConfig", "path": "/home/kavia/workspace/code-generation/web-tic-tac-toe-200268-200294/tic_tac_toe_frontend/src/app/app.config.ts", "pattern": "/^export const appConfig: ApplicationConfig = {$/", "language": "TypeScript", "kind": "constant"}], "hash": "ddcd5a984786347b39d244da3ac0d836", "format-version": 4, "code-base-name": "tic_tac_toe_frontend", "filename": "tic_tac_toe_frontend/src/app/app.config.ts", "revision_history": [{"28": "0b406be19fc796612de709d1b30d0c7251732066"}]}