{"is_source_file": false, "format": "", "description": "", "external_files": [], "external_methods": [], "published": [], "classes": [], "methods": [], "calls": [], "search-terms": [], "state": 2, "file_id": 18, "knowledge_revision": 40, "git_revision": "0b406be19fc796612de709d1b30d0c7251732066", "hash": "64cc45ff2b7dc220b2fb18a2e8d96ce8", "format-version": 4, "code-base-name": "tic_tac_toe_frontend", "filename": "tic_tac_toe_frontend/tsconfig.json", "revision_history": [{"40": "0b406be19fc796612de709d1b30d0c7251732066"}]}