{"is_source_file": false, "format": "", "description": "", "external_files": [], "external_methods": [], "published": [], "classes": [], "methods": [], "calls": [], "search-terms": ["eslint", "typescript-eslint/parser", "eslint.config.mjs", "typescript", "linting", "eslintrc"], "state": 2, "file_id": 13, "knowledge_revision": 36, "git_revision": "0b406be19fc796612de709d1b30d0c7251732066", "hash": "9a89dca91155c7dbd9e00b0c719cb194", "format-version": 4, "code-base-name": "tic_tac_toe_frontend", "filename": "tic_tac_toe_frontend/eslint.config.mjs", "revision_history": [{"36": "0b406be19fc796612de709d1b30d0c7251732066"}]}