{"is_source_file": false, "format": "", "description": "", "external_files": [], "external_methods": [], "published": [], "classes": [], "methods": [], "calls": [], "search-terms": [], "state": 2, "file_id": 8, "knowledge_revision": 23, "git_revision": "0b406be19fc796612de709d1b30d0c7251732066", "hash": "76952b112594265d2e9481c534c6b718", "format-version": 4, "code-base-name": "tic_tac_toe_frontend", "filename": "tic_tac_toe_frontend/src/index.html", "revision_history": [{"23": "0b406be19fc796612de709d1b30d0c7251732066"}]}