{"is_source_file": true, "format": "TypeScript", "description": "This file is the main application component of an Angular front-end project for a Tic Tac Toe game. It defines an Angular component with metadata including selector, template URL, and style URL, and contains a class with a title property.", "external_files": ["./app.component.html", "./app.component.css"], "external_methods": [], "published": ["AppComponent"], "classes": [{"name": "AppComponent", "description": "Main Angular component for the front-end application, managing the application\u2019s root view and its title property."}], "methods": [{"name": "title", "description": "A property of the AppComponent class holding the title string for display."}], "calls": [], "search-terms": ["Angular", "TypeScript", "app.component", "tic_tac_toe_frontend", "component", "selector", "templateUrl", "styleUrl"], "state": 2, "file_id": 4, "knowledge_revision": 30, "git_revision": "0b406be19fc796612de709d1b30d0c7251732066", "ctags": [{"_type": "tag", "name": "AppComponent", "path": "/home/kavia/workspace/code-generation/web-tic-tac-toe-200268-200294/tic_tac_toe_frontend/src/app/app.component.ts", "pattern": "/^export class AppComponent {$/", "language": "TypeScript", "kind": "class"}, {"_type": "tag", "name": "title", "path": "/home/kavia/workspace/code-generation/web-tic-tac-toe-200268-200294/tic_tac_toe_frontend/src/app/app.component.ts", "pattern": "/^  title = 'tic_tac_toe_frontend is being generated';$/", "language": "TypeScript", "kind": "property", "scope": "AppComponent", "scopeKind": "class"}], "hash": "0b79984a133079a181945476b1c7b2d8", "format-version": 4, "code-base-name": "tic_tac_toe_frontend", "filename": "tic_tac_toe_frontend/src/app/app.component.ts", "fields": [{"name": "title = 'tic_tac_toe_frontend is being generated';", "scope": "AppComponent", "scopeKind": "class", "description": "unavailable"}], "revision_history": [{"30": "0b406be19fc796612de709d1b30d0c7251732066"}]}