{"is_source_file": true, "format": "TypeScript", "description": "This is the main entry point for an Angular web application. It bootstraps the AppComponent using Angular's bootstrapApplication function, applying the appConfig configuration.", "external_files": ["node_modules/@angular/platform-browser", "./app/app.config", "./app/app.component"], "external_methods": ["bootstrapApplication"], "published": [], "classes": [], "methods": [{"name": "bootstrapApplication", "description": "Function from Angular to bootstrap and initialize the application with a root component and optional configuration."}], "calls": ["bootstrapApplication"], "search-terms": ["Angular", "main.ts", "bootstrapApplication", "AppComponent", "application bootstrap", "main entry point"], "state": 2, "file_id": 11, "knowledge_revision": 41, "git_revision": "0b406be19fc796612de709d1b30d0c7251732066", "ctags": [], "hash": "c986c915181c0d91d6ea1af9fc003131", "format-version": 4, "code-base-name": "tic_tac_toe_frontend", "filename": "tic_tac_toe_frontend/src/main.ts", "revision_history": [{"41": "0b406be19fc796612de709d1b30d0c7251732066"}]}